[{"params": {"N": 5000, "dt": 0.001, "lambda": 1, "beta": 1, "sim_params": [[0.0, 0.0, 0.0, 0.0], [1.0, 4.0, 1.0, 4.0], [0.0, 0.0, 0.0, 0.0]], "target_work": null, "comment": ""}, "initial_parameter_dict": {"U0_1": 15.697209423173168, "U0_2": 15.697209423173168, "gamma_1": 20, "gamma_2": 20, "beta_1": 6.07706979287205, "beta_2": 6.07706979287205, "d_beta_1": 0, "d_beta_2": 0, "phi_1_x": 0, "phi_2_x": 0, "phi_1_dcx": 0, "phi_2_dcx": 0, "M_12": 0, "x_c": 3.291059784019349e-16}, "protocol_list_item": [{"duration": 100, "phi_2_dcx": 3, "name": "mix in y direction"}, {"duration": 20, "name": "fix"}, {"duration": 100, "M_12": -0.9, "name": "conditional tilt"}, {"duration": 20, "name": "fix"}, {"duration": 100, "phi_2_dcx": 0, "name": "raise the barrier"}, {"duration": 20, "name": "fix"}, {"duration": 100, "M_12": 0, "name": "4 well potential (constant)"}, {"duration": 20, "name": "fix"}, {"duration": 100, "phi_1_dcx": 3, "name": "mix in x direction"}, {"duration": 100, "name": "fix"}, {"duration": 100, "phi_1_dcx": 0, "M_12": 0, "name": "4 well potential "}, {"duration": 20, "name": "4 well potential (constant)"}], "simulation_data": {"simulation_time": 3201.3878152370453, "simulation_date": "2023-10-07", "simulation_id": "3772a4ac91b39ed450308f8707ac15ed4980c7bedaf8408a07a2a1c6c604d65b", "simulation_computer": "mothra.local", "saveTime": "1696748230.192951"}, "jarzynski_term": 0.8782323297987523, "fidelity": [{"initial": {"location": "00", "count": 129}, "final": [{"location": "00", "count": 70}, {"location": "10", "count": 59}]}, {"initial": {"location": "01", "count": 130}, "final": [{"location": "00", "count": 76}, {"location": "10", "count": 54}]}, {"initial": {"location": "10", "count": 93}, "final": [{"location": "01", "count": 48}, {"location": "11", "count": 45}]}, {"initial": {"location": "11", "count": 148}, "final": [{"location": "01", "count": 60}, {"location": "11", "count": 88}]}], "comment": ""}]